id,name,type
0,Tehran,hub
1,Mashhad,hub
2,Zahidan,hub
3,Bandar-E-Abbas,hub
4,Shiraz,hub
5,Isfahan,hub
6,Sari,sub-hub
7,Rasht,sub-hub
8,Tabriz,sub-hub
9,Kermanshah,sub-hub
10,Qom,sub-hub
11,Bojnord,sub-hub
12,Torbat-E-Heydarieh,sub-hub
13,Birjand,sub-hub
14,Chabahar,sub-hub
15,Kerman,sub-hub
16,Qeshm,sub-hub
17,Kish,sub-hub
18,Bushehr,sub-hub
19,Abadan,sub-hub
20,Khoramabad,sub-hub
21,Ahvaz,sub-hub
22,Yazd,sub-hub
23,Babol,spoke
24,Amol,spoke
25,Ghaemshahr,spoke
26,Lahijan,spoke
27,Langroud,spoke
28,Rudsar,spoke
29,Marand,spoke
30,Jolfa,spoke
31,Ahar,spoke
32,Eslamabad-E-Gharb,spoke
33,Gilan-E-Gharb,spoke
34,Sarpol-E-Zahab,spoke
35,Damavand,spoke
36,Pakdasht,spoke
37,Varamin,spoke
38,Shirvan,spoke
39,Faruj,spoke
40,Esfarayen,spoke
41,Kashmar,spoke
42,Khalilabad,spoke
43,Bardaskan,spoke
44,Zirkuh,spoke
45,Deyhuk,spoke
46,Qaen,spoke
47,Nikshahr,spoke
48,Iranshahr,spoke
49,Fanuj,spoke
50,Rafsanjan,spoke
51,Ravar,spoke
52,Baft,spoke
53,Hengam,spoke
54,Tunb-E-Bozorg,spoke
55,Tunb-E-Kuchak,spoke
56,Genaveh,spoke
57,Deylam,spoke
58,Kangan,spoke
59,Khorramshahr,spoke
60,Shadegan,spoke
61,Abadan,spoke
62,Dezful,spoke
63,Shush,spoke
64,Andimeshk,spoke
65,Aligoodarz,spoke
66,Azna,spoke
67,Dorud,spoke
68,Behbahan,spoke
69,Bandar-E-Mahshahr,spoke
70,Omidieh,spoke
71,Ardakan,spoke
72,Mehriz,spoke
73,Taft,spoke